system:index,Date,NDVI,NDWI,S1,SI5,Sampling,.geo
1_00000000000000000000_0,2016-06-01,0.24270728,-0.28308606,-11.708020197072237,0.3399187402894992,P1,"{""type"":""MultiPoint"",""coordinates"":[]}"
1_00000000000000000002_0,2016-06-01,0.20101352,-0.26681516,-9.18121694480759,0.35437480158724605,P2,"{""type"":""MultiPoint"",""coordinates"":[]}"
1_00000000000000000004_0,2016-06-01,0.24860582,-0.30631045,-8.937554353792237,0.3233623354690524,P3,"{""type"":""MultiPoint"",""coordinates"":[]}"
1_00000000000000000006_0,2016-06-01,0.25004238,-0.28154328,-12.630787142472386,0.28831746391781404,P4,"{""type"":""MultiPoint"",""coordinates"":[]}"
1_00000000000000000008_0,2016-06-01,0.2118714,-0.25512296,-11.221171879076838,0.3100416101106431,P5,"{""type"":""MultiPoint"",""coordinates"":[]}"
1_0000000000000000000a_0,2016-06-01,0.114639275,-0.17832902,-12.025797580616056,0.4276985854547569,P6,"{""type"":""MultiPoint"",""coordinates"":[]}"
1_0000000000000000000c_0,2016-06-01,0.21968003,-0.2550894,-12.031993668605047,0.28974129840255775,P7,"{""type"":""MultiPoint"",""coordinates"":[]}"
1_0000000000000000000e_0,2016-06-01,0.2217859,-0.2556589,-13.050884634565243,0.2973254277723316,P8,"{""type"":""MultiPoint"",""coordinates"":[]}"
1_00000000000000000010_0,2016-06-01,0.18915409,-0.23988488,-12.842878065550396,0.32223864603737395,P9,"{""type"":""MultiPoint"",""coordinates"":[]}"
3_00000000000000000000_0,2016-08-01,0.21774194,-0.27657005,-15.887458340909768,0.36012358989657983,P1,"{""type"":""MultiPoint"",""coordinates"":[]}"
3_00000000000000000002_0,2016-08-01,0.1519132,-0.24314329,-14.480029617953207,0.38257234609940116,P2,"{""type"":""MultiPoint"",""coordinates"":[]}"
3_00000000000000000004_0,2016-08-01,0.20334429,-0.28221443,-15.278106144338565,0.3441014966546934,P3,"{""type"":""MultiPoint"",""coordinates"":[]}"
3_00000000000000000006_0,2016-08-01,0.22661263,-0.27349228,-12.981673638647706,0.29534065077466054,P4,"{""type"":""MultiPoint"",""coordinates"":[]}"
3_00000000000000000008_0,2016-08-01,0.20376597,-0.25569975,-15.105641665692243,0.3088797824397058,P5,"{""type"":""MultiPoint"",""coordinates"":[]}"
3_0000000000000000000a_0,2016-08-01,0.1296247,-0.20294784,-15.869669739225905,0.3903613710397073,P6,"{""type"":""MultiPoint"",""coordinates"":[]}"
3_0000000000000000000c_0,2016-08-01,0.21048851,-0.25372022,-15.064587756722485,0.28250553976869197,P7,"{""type"":""MultiPoint"",""coordinates"":[]}"
3_0000000000000000000e_0,2016-08-01,0.22411348,-0.25117797,-14.32403426450981,0.2886882747878757,P8,"{""type"":""MultiPoint"",""coordinates"":[]}"
3_00000000000000000010_0,2016-08-01,0.18720853,-0.24484806,-17.643872196040956,0.3172153842423157,P9,"{""type"":""MultiPoint"",""coordinates"":[]}"
4_00000000000000000000_0,2017-05-01,0.32769167,-0.37623763,-11.797027983147863,0.2729704562768652,P1,"{""type"":""MultiPoint"",""coordinates"":[]}"
4_00000000000000000002_0,2017-05-01,0.26535904,-0.34342998,-11.245533531321547,0.2925522517431715,P2,"{""type"":""MultiPoint"",""coordinates"":[]}"
4_00000000000000000004_0,2017-05-01,0.3083312,-0.3667263,-11.954077209008165,0.26665819882388764,P3,"{""type"":""MultiPoint"",""coordinates"":[]}"
4_00000000000000000006_0,2017-05-01,0.2925673,-0.35137278,-13.91920926050016,0.2459637473287476,P4,"{""type"":""MultiPoint"",""coordinates"":[]}"
4_00000000000000000008_0,2017-05-01,0.25273502,-0.3174727,-13.263054704062881,0.2631836336096909,P5,"{""type"":""MultiPoint"",""coordinates"":[]}"
4_0000000000000000000a_0,2017-05-01,0.1965019,-0.27390495,-14.253540440322318,0.309484716908606,P6,"{""type"":""MultiPoint"",""coordinates"":[]}"
4_0000000000000000000c_0,2017-05-01,0.25316083,-0.30602655,-14.24610729181494,0.24303194234503414,P7,"{""type"":""MultiPoint"",""coordinates"":[]}"
4_0000000000000000000e_0,2017-05-01,0.27046472,-0.3221368,-14.746445263229544,0.24792567434616367,P8,"{""type"":""MultiPoint"",""coordinates"":[]}"
4_00000000000000000010_0,2017-05-01,0.22762807,-0.29692966,-15.525565829742542,0.2727943868557416,P9,"{""type"":""MultiPoint"",""coordinates"":[]}"
5_00000000000000000000_0,2017-06-01,0.2539776,-0.28969696,-13.525351937790152,0.3434616135756658,P1,"{""type"":""MultiPoint"",""coordinates"":[]}"
5_00000000000000000002_0,2017-06-01,0.18311433,-0.2614009,-14.495608952757944,0.3802759261378506,P2,"{""type"":""MultiPoint"",""coordinates"":[]}"
5_00000000000000000004_0,2017-06-01,0.2174429,-0.2761194,-14.895732415356274,0.3423926401078154,P3,"{""type"":""MultiPoint"",""coordinates"":[]}"
5_00000000000000000006_0,2017-06-01,0.22657807,-0.26698697,-14.126160187569027,0.3028968141133214,P4,"{""type"":""MultiPoint"",""coordinates"":[]}"
5_00000000000000000008_0,2017-06-01,0.21444991,-0.2539844,-14.16784742000046,0.3118633033878786,P5,"{""type"":""MultiPoint"",""coordinates"":[]}"
5_0000000000000000000a_0,2017-06-01,0.17397079,-0.23498183,-17.438637159190193,0.37827384260612046,P6,"{""type"":""MultiPoint"",""coordinates"":[]}"
5_0000000000000000000c_0,2017-06-01,0.2030492,-0.24355301,-15.330590428264866,0.29360517706607286,P7,"{""type"":""MultiPoint"",""coordinates"":[]}"
5_0000000000000000000e_0,2017-06-01,0.22138965,-0.25692254,-16.22644894060268,0.3006847186007297,P8,"{""type"":""MultiPoint"",""coordinates"":[]}"
5_00000000000000000010_0,2017-06-01,0.18678527,-0.24037185,-15.673642860248194,0.3302362790488047,P9,"{""type"":""MultiPoint"",""coordinates"":[]}"
6_00000000000000000000_0,2017-07-01,0.1978099,-0.26512456,-12.86555171312472,0.37765253871780075,P1,"{""type"":""MultiPoint"",""coordinates"":[]}"
6_00000000000000000002_0,2017-07-01,0.15434393,-0.23767346,-15.301738527861861,0.39499639871776043,P2,"{""type"":""MultiPoint"",""coordinates"":[]}"
6_00000000000000000004_0,2017-07-01,0.18973747,-0.26003158,-14.113922593589493,0.35190342425159776,P3,"{""type"":""MultiPoint"",""coordinates"":[]}"
6_00000000000000000006_0,2017-07-01,0.22023422,-0.27606735,-14.613713338456694,0.31045671195836627,P4,"{""type"":""MultiPoint"",""coordinates"":[]}"
6_00000000000000000008_0,2017-07-01,0.19908987,-0.25241894,-13.516666568182858,0.32092865250706426,P5,"{""type"":""MultiPoint"",""coordinates"":[]}"
6_0000000000000000000a_0,2017-07-01,0.16838858,-0.24098618,-16.163723607981154,0.38054732951368875,P6,"{""type"":""MultiPoint"",""coordinates"":[]}"
6_0000000000000000000c_0,2017-07-01,0.19216898,-0.24341752,-15.928327455261469,0.30216657657656315,P7,"{""type"":""MultiPoint"",""coordinates"":[]}"
6_0000000000000000000e_0,2017-07-01,0.20763643,-0.25955948,-13.69693529743495,0.3059805957899945,P8,"{""type"":""MultiPoint"",""coordinates"":[]}"
6_00000000000000000010_0,2017-07-01,0.18129404,-0.23654652,-15.691733182382183,0.33048128540055033,P9,"{""type"":""MultiPoint"",""coordinates"":[]}"
7_00000000000000000000_0,2017-08-01,0.1620463,-0.2541641,-13.793433375835871,0.3827689120082769,P1,"{""type"":""MultiPoint"",""coordinates"":[]}"
7_00000000000000000002_0,2017-08-01,0.14097798,-0.23376623,-16.901830086201613,0.3911057146092345,P2,"{""type"":""MultiPoint"",""coordinates"":[]}"
7_00000000000000000004_0,2017-08-01,0.1694125,-0.25567424,-15.500755548433956,0.3497869065588362,P3,"{""type"":""MultiPoint"",""coordinates"":[]}"
7_00000000000000000006_0,2017-08-01,0.20419203,-0.26446575,-13.421057904230214,0.3070850696468326,P4,"{""type"":""MultiPoint"",""coordinates"":[]}"
7_00000000000000000008_0,2017-08-01,0.18747874,-0.24955246,-14.078127877779758,0.3124060818870209,P5,"{""type"":""MultiPoint"",""coordinates"":[]}"
7_0000000000000000000a_0,2017-08-01,0.1573457,-0.23271605,-16.995638961983907,0.35956874168926306,P6,"{""type"":""MultiPoint"",""coordinates"":[]}"
7_0000000000000000000c_0,2017-08-01,0.18287373,-0.2411955,-14.398904106576325,0.2916857212823418,P7,"{""type"":""MultiPoint"",""coordinates"":[]}"
7_0000000000000000000e_0,2017-08-01,0.19488817,-0.25737765,-14.95360031516164,0.2968745189469787,P8,"{""type"":""MultiPoint"",""coordinates"":[]}"
7_00000000000000000010_0,2017-08-01,0.1754386,-0.24517512,-15.4996151633283,0.3169359556755907,P9,"{""type"":""MultiPoint"",""coordinates"":[]}"
8_00000000000000000000_0,2018-05-01,0.30696133,-0.37343243,-9.605043355487375,0.20755914819636354,P1,"{""type"":""MultiPoint"",""coordinates"":[]}"
8_00000000000000000002_0,2018-05-01,0.332001,-0.41846237,-11.724076040597602,0.18495173694777783,P2,"{""type"":""MultiPoint"",""coordinates"":[]}"
8_00000000000000000004_0,2018-05-01,0.34507605,-0.41911867,-11.405818105996406,0.18026950657279783,P3,"{""type"":""MultiPoint"",""coordinates"":[]}"
8_00000000000000000006_0,2018-05-01,0.32571694,-0.37442592,-11.791167928910507,0.20180830012663006,P4,"{""type"":""MultiPoint"",""coordinates"":[]}"
8_00000000000000000008_0,2018-05-01,0.2138047,-0.29472503,-10.864664351849466,0.24805628393572296,P5,"{""type"":""MultiPoint"",""coordinates"":[]}"
8_0000000000000000000a_0,2018-05-01,0.3664488,-0.29935777,-14.21335999511335,0.09890290693402293,P6,"{""type"":""MultiPoint"",""coordinates"":[]}"
8_0000000000000000000c_0,2018-05-01,0.29704848,-0.33500558,-11.444588902684144,0.1807682217647781,P7,"{""type"":""MultiPoint"",""coordinates"":[]}"
8_0000000000000000000e_0,2018-05-01,0.2933194,-0.34272555,-12.880437989393304,0.18694047180854123,P8,"{""type"":""MultiPoint"",""coordinates"":[]}"
8_00000000000000000010_0,2018-05-01,0.19894007,-0.27619874,-11.655808155396887,0.25344792364507546,P9,"{""type"":""MultiPoint"",""coordinates"":[]}"
9_00000000000000000000_0,2018-06-01,0.2991249,-0.36310518,-9.174890352524876,0.24719660191839207,P1,"{""type"":""MultiPoint"",""coordinates"":[]}"
9_00000000000000000002_0,2018-06-01,0.26610646,-0.37207285,-11.320239196673258,0.2558784867862087,P2,"{""type"":""MultiPoint"",""coordinates"":[]}"
9_00000000000000000004_0,2018-06-01,0.30811265,-0.36791208,-12.76756249109738,0.2340488837828542,P3,"{""type"":""MultiPoint"",""coordinates"":[]}"
9_00000000000000000006_0,2018-06-01,0.30453563,-0.35913593,-14.891338998795373,0.22729914210132868,P4,"{""type"":""MultiPoint"",""coordinates"":[]}"
9_00000000000000000008_0,2018-06-01,0.21760194,-0.2779661,-11.971638732515334,0.265344191570119,P5,"{""type"":""MultiPoint"",""coordinates"":[]}"
9_0000000000000000000a_0,2018-06-01,0.19069767,-0.25546142,-12.787862388098642,0.23656998964365702,P6,"{""type"":""MultiPoint"",""coordinates"":[]}"
9_0000000000000000000c_0,2018-06-01,0.25822902,-0.30984557,-14.242642275954655,0.22778937639846156,P7,"{""type"":""MultiPoint"",""coordinates"":[]}"
9_0000000000000000000e_0,2018-06-01,0.25675675,-0.32541567,-11.945665382281373,0.23917671291327675,P8,"{""type"":""MultiPoint"",""coordinates"":[]}"
9_00000000000000000010_0,2018-06-01,0.1877898,-0.2755187,-10.377446100363178,0.28128149601422414,P9,"{""type"":""MultiPoint"",""coordinates"":[]}"
10_00000000000000000000_0,2018-07-01,0.25878593,-0.33559322,-14.320374315692057,0.2586314752693492,P1,"{""type"":""MultiPoint"",""coordinates"":[]}"
10_00000000000000000002_0,2018-07-01,0.22744858,-0.33244917,-14.915242363568337,0.2658256007234819,P2,"{""type"":""MultiPoint"",""coordinates"":[]}"
10_00000000000000000004_0,2018-07-01,0.27207282,-0.35406807,-16.017016444336953,0.23954168739490836,P3,"{""type"":""MultiPoint"",""coordinates"":[]}"
10_00000000000000000006_0,2018-07-01,0.2745614,-0.34257334,-16.00757481356832,0.2301866416628037,P4,"{""type"":""MultiPoint"",""coordinates"":[]}"
10_00000000000000000008_0,2018-07-01,0.19630873,-0.26362428,-15.482921730517031,0.25910739086332524,P5,"{""type"":""MultiPoint"",""coordinates"":[]}"
10_0000000000000000000a_0,2018-07-01,0.18942383,-0.25766742,-13.913081267988805,0.26204049305403165,P6,"{""type"":""MultiPoint"",""coordinates"":[]}"
10_0000000000000000000c_0,2018-07-01,0.23076923,-0.30055192,-13.982678017860128,0.22659633712838342,P7,"{""type"":""MultiPoint"",""coordinates"":[]}"
10_0000000000000000000e_0,2018-07-01,0.23680523,-0.3031496,-16.209976721600913,0.23250997828050304,P8,"{""type"":""MultiPoint"",""coordinates"":[]}"
10_00000000000000000010_0,2018-07-01,0.2065601,-0.27344435,-13.647586159792993,0.26316276332338506,P9,"{""type"":""MultiPoint"",""coordinates"":[]}"
11_00000000000000000000_0,2018-08-01,0.25283894,-0.3351445,-12.919541268815301,0.23471280322981958,P1,"{""type"":""MultiPoint"",""coordinates"":[]}"
11_00000000000000000002_0,2018-08-01,0.25163478,-0.350405,-14.291579582883429,0.2275876204893403,P2,"{""type"":""MultiPoint"",""coordinates"":[]}"
11_00000000000000000004_0,2018-08-01,0.31877497,-0.37861916,-14.586278900137227,0.19356731387297804,P3,"{""type"":""MultiPoint"",""coordinates"":[]}"
11_00000000000000000006_0,2018-08-01,0.33333334,-0.3959965,-15.705723992680731,0.18718273157532456,P4,"{""type"":""MultiPoint"",""coordinates"":[]}"
11_00000000000000000008_0,2018-08-01,0.25199896,-0.3349835,-15.75565555199914,0.21624638725305909,P5,"{""type"":""MultiPoint"",""coordinates"":[]}"
11_0000000000000000000a_0,2018-08-01,0.360108,-0.36795655,-13.805862050826779,0.12876536801485094,P6,"{""type"":""MultiPoint"",""coordinates"":[]}"
11_0000000000000000000c_0,2018-08-01,0.32362255,-0.37749216,-16.693968789441115,0.16424883561231113,P7,"{""type"":""MultiPoint"",""coordinates"":[]}"
11_0000000000000000000e_0,2018-08-01,0.3080301,-0.3672131,-13.984980507789363,0.16915028820548902,P8,"{""type"":""MultiPoint"",""coordinates"":[]}"
11_00000000000000000010_0,2018-08-01,0.26702997,-0.35017422,-13.667389923836033,0.20205809808072528,P9,"{""type"":""MultiPoint"",""coordinates"":[]}"
12_00000000000000000000_0,2019-05-01,0.4714152,-0.49381542,-8.830476574305308,0.16295128106277654,P1,"{""type"":""MultiPoint"",""coordinates"":[]}"
12_00000000000000000002_0,2019-05-01,0.4502924,-0.50645405,-9.761465800287102,0.16177020739307965,P2,"{""type"":""MultiPoint"",""coordinates"":[]}"
12_00000000000000000004_0,2019-05-01,0.48212352,-0.5229613,-11.574263685804105,0.14828351223247985,P3,"{""type"":""MultiPoint"",""coordinates"":[]}"
12_00000000000000000006_0,2019-05-01,0.4929368,-0.5258359,-11.482029495831469,0.1534249979631742,P4,"{""type"":""MultiPoint"",""coordinates"":[]}"
12_00000000000000000008_0,2019-05-01,0.33528265,-0.38313982,-9.94589436080258,0.19535792791693918,P5,"{""type"":""MultiPoint"",""coordinates"":[]}"
12_0000000000000000000a_0,2019-05-01,0.28526926,-0.3616219,-11.429795314586993,0.22898886435807309,P6,"{""type"":""MultiPoint"",""coordinates"":[]}"
12_0000000000000000000c_0,2019-05-01,0.38217214,-0.39648032,-12.22388480904392,0.17505559117034794,P7,"{""type"":""MultiPoint"",""coordinates"":[]}"
12_0000000000000000000e_0,2019-05-01,0.41799486,-0.4379562,-12.609755578744032,0.17659728197228858,P8,"{""type"":""MultiPoint"",""coordinates"":[]}"
12_00000000000000000010_0,2019-05-01,0.2949956,-0.35259056,-11.397601845690154,0.22923420338160708,P9,"{""type"":""MultiPoint"",""coordinates"":[]}"
13_00000000000000000000_0,2019-06-01,0.347207,-0.39709222,-10.01799725839187,0.2149012563946521,P1,"{""type"":""MultiPoint"",""coordinates"":[]}"
13_00000000000000000002_0,2019-06-01,0.31992042,-0.39031208,-10.532930542958912,0.2181062585071781,P2,"{""type"":""MultiPoint"",""coordinates"":[]}"
13_00000000000000000004_0,2019-06-01,0.35012105,-0.39330333,-10.90275127588617,0.19287363738987245,P3,"{""type"":""MultiPoint"",""coordinates"":[]}"
13_00000000000000000006_0,2019-06-01,0.33449563,-0.38057202,-11.839967859528564,0.19057586415913216,P4,"{""type"":""MultiPoint"",""coordinates"":[]}"
13_00000000000000000008_0,2019-06-01,0.26784882,-0.3331698,-10.88369758142608,0.22733864607672846,P5,"{""type"":""MultiPoint"",""coordinates"":[]}"
13_0000000000000000000a_0,2019-06-01,0.25809696,-0.32331783,-12.516518150654932,0.256646994917143,P6,"{""type"":""MultiPoint"",""coordinates"":[]}"
13_0000000000000000000c_0,2019-06-01,0.29167637,-0.32821864,-10.791678764792893,0.21797779703446865,P7,"{""type"":""MultiPoint"",""coordinates"":[]}"
13_0000000000000000000e_0,2019-06-01,0.2860771,-0.32492864,-11.110828406052624,0.22901539249578837,P8,"{""type"":""MultiPoint"",""coordinates"":[]}"
13_00000000000000000010_0,2019-06-01,0.26356944,-0.32003844,-11.218574452353455,0.23798187956228936,P9,"{""type"":""MultiPoint"",""coordinates"":[]}"
14_00000000000000000000_0,2019-07-01,0.23355314,-0.27885532,-13.910965807839542,0.33103043666708354,P1,"{""type"":""MultiPoint"",""coordinates"":[]}"
14_00000000000000000002_0,2019-07-01,0.17804551,-0.24980274,-14.624986509709359,0.3536093395259803,P2,"{""type"":""MultiPoint"",""coordinates"":[]}"
14_00000000000000000004_0,2019-07-01,0.20877056,-0.27087107,-14.49403824960845,0.3222285369113046,P3,"{""type"":""MultiPoint"",""coordinates"":[]}"
14_00000000000000000006_0,2019-07-01,0.21575922,-0.2598563,-16.11861930802477,0.3002324599372959,P4,"{""type"":""MultiPoint"",""coordinates"":[]}"
14_00000000000000000008_0,2019-07-01,0.17639366,-0.22256202,-13.573203271443095,0.32844508673444944,P5,"{""type"":""MultiPoint"",""coordinates"":[]}"
14_0000000000000000000a_0,2019-07-01,0.1853117,-0.24261415,-14.846208736029238,0.37033368736856764,P6,"{""type"":""MultiPoint"",""coordinates"":[]}"
14_0000000000000000000c_0,2019-07-01,0.18290097,-0.22694196,-14.342748044300723,0.3196493704045106,P7,"{""type"":""MultiPoint"",""coordinates"":[]}"
14_0000000000000000000e_0,2019-07-01,0.19491525,-0.22978866,-14.662228715243021,0.32587980913214,P8,"{""type"":""MultiPoint"",""coordinates"":[]}"
14_00000000000000000010_0,2019-07-01,0.17094973,-0.22022621,-14.842120874997413,0.3440135026419748,P9,"{""type"":""MultiPoint"",""coordinates"":[]}"
15_00000000000000000000_0,2019-08-01,0.25965583,-0.3725,-14.196952667161764,0.2824923361792316,P1,"{""type"":""MultiPoint"",""coordinates"":[]}"
15_00000000000000000002_0,2019-08-01,0.22993827,-0.3618112,-16.149950632486117,0.28600013986010564,P2,"{""type"":""MultiPoint"",""coordinates"":[]}"
15_00000000000000000004_0,2019-08-01,0.26597077,-0.4037037,-14.67524463968839,0.25066096624724,P3,"{""type"":""MultiPoint"",""coordinates"":[]}"
15_00000000000000000006_0,2019-08-01,0.3097101,-0.3876158,-15.40428102767308,0.22048809491670973,P4,"{""type"":""MultiPoint"",""coordinates"":[]}"
15_00000000000000000008_0,2019-08-01,0.25896764,-0.33240741,-13.847179087431726,0.24933872543189115,P5,"{""type"":""MultiPoint"",""coordinates"":[]}"
15_0000000000000000000a_0,2019-08-01,0.28149533,-0.3570863,-16.082967712811765,0.2696109048239703,P6,"{""type"":""MultiPoint"",""coordinates"":[]}"
15_0000000000000000000c_0,2019-08-01,0.28315097,-0.34310582,-15.566144138651948,0.2347388336002375,P7,"{""type"":""MultiPoint"",""coordinates"":[]}"
15_0000000000000000000e_0,2019-08-01,0.28390753,-0.33939946,-12.982505007512401,0.24333211871842977,P8,"{""type"":""MultiPoint"",""coordinates"":[]}"
15_00000000000000000010_0,2019-08-01,0.25579435,-0.33992806,-12.732702029951458,0.2636135428994497,P9,"{""type"":""MultiPoint"",""coordinates"":[]}"
16_00000000000000000000_0,2020-05-01,0.46285114,-0.48785046,-10.19832230238765,0.1437162830023098,P1,"{""type"":""MultiPoint"",""coordinates"":[]}"
16_00000000000000000002_0,2020-05-01,0.4135521,-0.4496728,-10.433153958858618,0.13815824260607834,P2,"{""type"":""MultiPoint"",""coordinates"":[]}"
16_00000000000000000004_0,2020-05-01,0.4539896,-0.4867146,-10.989541141746923,0.12943214438461567,P3,"{""type"":""MultiPoint"",""coordinates"":[]}"
16_00000000000000000006_0,2020-05-01,0.44919,-0.45777777,-12.600808659122222,0.128935255070132,P4,"{""type"":""MultiPoint"",""coordinates"":[]}"
16_00000000000000000008_0,2020-05-01,0.3609672,-0.39058822,-11.839039220411891,0.14514751117397776,P5,"{""type"":""MultiPoint"",""coordinates"":[]}"
16_0000000000000000000a_0,2020-05-01,0.5150196,-0.43386897,-13.030824763940572,0.07224326958270923,P6,"{""type"":""MultiPoint"",""coordinates"":[]}"
16_0000000000000000000c_0,2020-05-01,0.49720672,-0.461486,-11.609591624590642,0.10125611092669913,P7,"{""type"":""MultiPoint"",""coordinates"":[]}"
16_0000000000000000000e_0,2020-05-01,0.4779066,-0.4605141,-11.438670775729303,0.10864442001317877,P8,"{""type"":""MultiPoint"",""coordinates"":[]}"
16_00000000000000000010_0,2020-05-01,0.38186157,-0.40066525,-9.935584860997476,0.13877766390885818,P9,"{""type"":""MultiPoint"",""coordinates"":[]}"
17_00000000000000000000_0,2020-06-01,0.3745605,-0.43542117,-12.144646122663929,0.22325563822667502,P1,"{""type"":""MultiPoint"",""coordinates"":[]}"
17_00000000000000000002_0,2020-06-01,0.2856847,-0.38341507,-11.194678188321358,0.240248870965089,P2,"{""type"":""MultiPoint"",""coordinates"":[]}"
17_00000000000000000004_0,2020-06-01,0.3578107,-0.42747542,-12.963773014422419,0.2039764692311346,P3,"{""type"":""MultiPoint"",""coordinates"":[]}"
17_00000000000000000006_0,2020-06-01,0.3657963,-0.4143727,-13.453452105283077,0.19415668930016292,P4,"{""type"":""MultiPoint"",""coordinates"":[]}"
17_00000000000000000008_0,2020-06-01,0.26594415,-0.32504362,-13.75816478590199,0.235804103017738,P5,"{""type"":""MultiPoint"",""coordinates"":[]}"
17_0000000000000000000a_0,2020-06-01,0.2034276,-0.2521398,-12.089517385534474,0.2786273855887106,P6,"{""type"":""MultiPoint"",""coordinates"":[]}"
17_0000000000000000000c_0,2020-06-01,0.32889417,-0.38970405,-13.687863184852826,0.20676871136610586,P7,"{""type"":""MultiPoint"",""coordinates"":[]}"
17_0000000000000000000e_0,2020-06-01,0.3379838,-0.37862277,-14.641739614804553,0.22162285531957213,P8,"{""type"":""MultiPoint"",""coordinates"":[]}"
17_00000000000000000010_0,2020-06-01,0.26247728,-0.32065102,-12.488422503225777,0.25115956083732904,P9,"{""type"":""MultiPoint"",""coordinates"":[]}"
18_00000000000000000000_0,2020-07-01,0.28536683,-0.3880499,-14.428885233894427,0.25585189074931614,P1,"{""type"":""MultiPoint"",""coordinates"":[]}"
18_00000000000000000002_0,2020-07-01,0.24459374,-0.34819195,-15.149280434922874,0.25209060871043965,P2,"{""type"":""MultiPoint"",""coordinates"":[]}"
18_00000000000000000004_0,2020-07-01,0.3245717,-0.38435125,-14.063215807542129,0.21081630629531484,P3,"{""type"":""MultiPoint"",""coordinates"":[]}"
18_00000000000000000006_0,2020-07-01,0.32637203,-0.39764586,-14.485823533792468,0.20024527460092537,P4,"{""type"":""MultiPoint"",""coordinates"":[]}"
18_00000000000000000008_0,2020-07-01,0.25557986,-0.34034103,-15.506116438362467,0.23512230859703637,P5,"{""type"":""MultiPoint"",""coordinates"":[]}"
18_0000000000000000000a_0,2020-07-01,0.25225052,-0.29030985,-14.678263837961687,0.25545128694136576,P6,"{""type"":""MultiPoint"",""coordinates"":[]}"
18_0000000000000000000c_0,2020-07-01,0.31217456,-0.36602995,-13.11648220672458,0.21069156366594274,P7,"{""type"":""MultiPoint"",""coordinates"":[]}"
18_0000000000000000000e_0,2020-07-01,0.30096152,-0.3506364,-14.817487037282346,0.22589406809387447,P8,"{""type"":""MultiPoint"",""coordinates"":[]}"
18_00000000000000000010_0,2020-07-01,0.26134652,-0.3318192,-15.072580336520577,0.2435970443170442,P9,"{""type"":""MultiPoint"",""coordinates"":[]}"
19_00000000000000000000_0,2020-08-01,0.25442237,-0.38143337,-14.041338051689506,0.2465140969599913,P1,"{""type"":""MultiPoint"",""coordinates"":[]}"
19_00000000000000000002_0,2020-08-01,0.22632281,-0.34766674,-15.06693711948274,0.24540048899706782,P2,"{""type"":""MultiPoint"",""coordinates"":[]}"
19_00000000000000000004_0,2020-08-01,0.28981978,-0.38966152,-14.955981169900442,0.21035755275245052,P3,"{""type"":""MultiPoint"",""coordinates"":[]}"
19_00000000000000000006_0,2020-08-01,0.309909,-0.38039425,-14.023911893850551,0.19576101501575846,P4,"{""type"":""MultiPoint"",""coordinates"":[]}"
19_00000000000000000008_0,2020-08-01,0.2606635,-0.34241736,-15.5549299039094,0.21923412143186105,P5,"{""type"":""MultiPoint"",""coordinates"":[]}"
19_0000000000000000000a_0,2020-08-01,0.23494487,-0.2994199,-16.41986542399348,0.2415022153107503,P6,"{""type"":""MultiPoint"",""coordinates"":[]}"
19_0000000000000000000c_0,2020-08-01,0.30708244,-0.3644138,-13.399184438201788,0.19542116057377204,P7,"{""type"":""MultiPoint"",""coordinates"":[]}"
19_0000000000000000000e_0,2020-08-01,0.3018238,-0.3641992,-14.126730908898518,0.20563386151118204,P8,"{""type"":""MultiPoint"",""coordinates"":[]}"
19_00000000000000000010_0,2020-08-01,0.26489758,-0.3260127,-16.077040445066668,0.22469651755200837,P9,"{""type"":""MultiPoint"",""coordinates"":[]}"
20_00000000000000000000_0,2021-05-01,0.41732284,-0.4229249,-10.603819506885108,0.17752289993124828,P1,"{""type"":""MultiPoint"",""coordinates"":[]}"
20_00000000000000000002_0,2021-05-01,0.30688837,-0.3477036,-9.777939091795586,0.1849690514653735,P2,"{""type"":""MultiPoint"",""coordinates"":[]}"
20_00000000000000000004_0,2021-05-01,0.38335288,-0.3887799,-12.329335596747985,0.16223760353259659,P3,"{""type"":""MultiPoint"",""coordinates"":[]}"
20_00000000000000000006_0,2021-05-01,0.38508934,-0.3857724,-14.290287943443618,0.16583466917384918,P4,"{""type"":""MultiPoint"",""coordinates"":[]}"
20_00000000000000000008_0,2021-05-01,0.28152457,-0.31155014,-11.504833127956005,0.18621582908012949,P5,"{""type"":""MultiPoint"",""coordinates"":[]}"
20_0000000000000000000a_0,2021-05-01,0.33497992,-0.31789088,-12.700907651150679,0.13306344351473848,P6,"{""type"":""MultiPoint"",""coordinates"":[]}"
20_0000000000000000000c_0,2021-05-01,0.31860134,-0.31620604,-12.44706320825135,0.16738724563120094,P7,"{""type"":""MultiPoint"",""coordinates"":[]}"
20_0000000000000000000e_0,2021-05-01,0.36461732,-0.3530729,-10.523393494902153,0.16555633482292365,P8,"{""type"":""MultiPoint"",""coordinates"":[]}"
20_00000000000000000010_0,2021-05-01,0.27741778,-0.2967606,-12.380464207173853,0.18883713220656578,P9,"{""type"":""MultiPoint"",""coordinates"":[]}"
21_00000000000000000000_0,2021-06-01,0.3156146,-0.33374158,-12.058147259915888,0.29243604429002934,P1,"{""type"":""MultiPoint"",""coordinates"":[]}"
21_00000000000000000002_0,2021-06-01,0.2212714,-0.26816884,-11.710126133115956,0.32080168328735437,P2,"{""type"":""MultiPoint"",""coordinates"":[]}"
21_00000000000000000004_0,2021-06-01,0.26055676,-0.27774253,-14.768773091648747,0.29987757502020723,P3,"{""type"":""MultiPoint"",""coordinates"":[]}"
21_00000000000000000006_0,2021-06-01,0.24837027,-0.27496672,-11.514954010379004,0.2911900066966585,P4,"{""type"":""MultiPoint"",""coordinates"":[]}"
21_00000000000000000008_0,2021-06-01,0.1591043,-0.20122138,-11.3469025163838,0.339308650051837,P5,"{""type"":""MultiPoint"",""coordinates"":[]}"
21_0000000000000000000a_0,2021-06-01,0.1612554,-0.2022409,-12.71818681071971,0.3622471531979237,P6,"{""type"":""MultiPoint"",""coordinates"":[]}"
21_0000000000000000000c_0,2021-06-01,0.20609717,-0.22240102,-14.29394609630082,0.3078148794324277,P7,"{""type"":""MultiPoint"",""coordinates"":[]}"
21_0000000000000000000e_0,2021-06-01,0.21042714,-0.2549658,-13.777146113907968,0.3139248317670968,P8,"{""type"":""MultiPoint"",""coordinates"":[]}"
21_00000000000000000010_0,2021-06-01,0.17227378,-0.20261827,-12.35255005041118,0.34876565197851694,P9,"{""type"":""MultiPoint"",""coordinates"":[]}"
22_00000000000000000000_0,2021-07-01,0.27960476,-0.31263858,-12.760647031700838,0.3153106325514571,P1,"{""type"":""MultiPoint"",""coordinates"":[]}"
22_00000000000000000002_0,2021-07-01,0.17986256,-0.24377953,-14.633538788938768,0.3476921051735285,P2,"{""type"":""MultiPoint"",""coordinates"":[]}"
22_00000000000000000004_0,2021-07-01,0.22103274,-0.2714754,-15.232371284367641,0.31296271343404475,P3,"{""type"":""MultiPoint"",""coordinates"":[]}"
22_00000000000000000006_0,2021-07-01,0.21770972,-0.26224983,-14.205448817063822,0.29796476301737423,P4,"{""type"":""MultiPoint"",""coordinates"":[]}"
22_00000000000000000008_0,2021-07-01,0.1657373,-0.21269739,-14.591666896057296,0.3327501990983627,P5,"{""type"":""MultiPoint"",""coordinates"":[]}"
22_0000000000000000000a_0,2021-07-01,0.16169015,-0.21258454,-15.963131162196532,0.36795804108620866,P6,"{""type"":""MultiPoint"",""coordinates"":[]}"
22_0000000000000000000c_0,2021-07-01,0.1850374,-0.22579536,-15.85300705047948,0.3068271663331003,P7,"{""type"":""MultiPoint"",""coordinates"":[]}"
22_0000000000000000000e_0,2021-07-01,0.2019544,-0.23597388,-15.388310527962645,0.31279506070269075,P8,"{""type"":""MultiPoint"",""coordinates"":[]}"
22_00000000000000000010_0,2021-07-01,0.16124102,-0.20987262,-11.93192240105478,0.34203865278649426,P9,"{""type"":""MultiPoint"",""coordinates"":[]}"
23_00000000000000000000_0,2021-08-01,0.23009656,-0.31106797,-12.510069047863626,0.2906323708742713,P1,"{""type"":""MultiPoint"",""coordinates"":[]}"
23_00000000000000000002_0,2021-08-01,0.17321688,-0.26704657,-13.849938090490781,0.3042201834198382,P2,"{""type"":""MultiPoint"",""coordinates"":[]}"
23_00000000000000000004_0,2021-08-01,0.20493542,-0.28600824,-15.30418275882111,0.2728336489511512,P3,"{""type"":""MultiPoint"",""coordinates"":[]}"
23_00000000000000000006_0,2021-08-01,0.22423743,-0.2931316,-15.795215415985517,0.24873831630852533,P4,"{""type"":""MultiPoint"",""coordinates"":[]}"
23_00000000000000000008_0,2021-08-01,0.18502377,-0.2561949,-13.561690056120405,0.2700763225460536,P5,"{""type"":""MultiPoint"",""coordinates"":[]}"
23_0000000000000000000a_0,2021-08-01,0.17124957,-0.2607718,-15.46076326322634,0.3078372946866575,P6,"{""type"":""MultiPoint"",""coordinates"":[]}"
23_0000000000000000000c_0,2021-08-01,0.20024927,-0.2654402,-15.012349583052524,0.2505478996120303,P7,"{""type"":""MultiPoint"",""coordinates"":[]}"
23_0000000000000000000e_0,2021-08-01,0.20901889,-0.2756108,-15.970771631166304,0.2591746515383015,P8,"{""type"":""MultiPoint"",""coordinates"":[]}"
23_00000000000000000010_0,2021-08-01,0.18931475,-0.25234407,-13.938995617712964,0.2776331032135757,P9,"{""type"":""MultiPoint"",""coordinates"":[]}"
24_00000000000000000000_0,2022-05-01,0.2907662,-0.33717775,-10.100437073236254,0.282173988879202,P1,"{""type"":""MultiPoint"",""coordinates"":[]}"
24_00000000000000000002_0,2022-05-01,0.21859545,-0.30485436,-10.587989036004817,0.2986750742864225,P2,"{""type"":""MultiPoint"",""coordinates"":[]}"
24_00000000000000000004_0,2022-05-01,0.27034482,-0.3256567,-9.69286008038247,0.2777577361658897,P3,"{""type"":""MultiPoint"",""coordinates"":[]}"
24_00000000000000000006_0,2022-05-01,0.3029133,-0.32808587,-13.15805084641893,0.2677584732552828,P4,"{""type"":""MultiPoint"",""coordinates"":[]}"
24_00000000000000000008_0,2022-05-01,0.23486361,-0.28576377,-12.225961313356251,0.29788252718143776,P5,"{""type"":""MultiPoint"",""coordinates"":[]}"
24_0000000000000000000a_0,2022-05-01,0.1645485,-0.18194161,-12.802312090952139,0.2857177628359847,P6,"{""type"":""MultiPoint"",""coordinates"":[]}"
24_0000000000000000000c_0,2022-05-01,0.26843444,-0.29333332,-13.490572978514896,0.2637490473916446,P7,"{""type"":""MultiPoint"",""coordinates"":[]}"
24_0000000000000000000e_0,2022-05-01,0.28366563,-0.30977872,-12.492029889817982,0.2725453356783051,P8,"{""type"":""MultiPoint"",""coordinates"":[]}"
24_00000000000000000010_0,2022-05-01,0.20301244,-0.25778842,-13.588057820457973,0.3065959556158561,P9,"{""type"":""MultiPoint"",""coordinates"":[]}"
25_00000000000000000000_0,2022-06-01,0.25149512,-0.29427084,-11.488393022017227,0.3214776508561676,P1,"{""type"":""MultiPoint"",""coordinates"":[]}"
25_00000000000000000002_0,2022-06-01,0.18074425,-0.2474259,-10.949896945304967,0.3547233288071141,P2,"{""type"":""MultiPoint"",""coordinates"":[]}"
25_00000000000000000004_0,2022-06-01,0.22028811,-0.2694349,-13.255020600705386,0.330012363404767,P3,"{""type"":""MultiPoint"",""coordinates"":[]}"
25_00000000000000000006_0,2022-06-01,0.2413793,-0.27204117,-14.423944962825912,0.2958258271348193,P4,"{""type"":""MultiPoint"",""coordinates"":[]}"
25_00000000000000000008_0,2022-06-01,0.19656488,-0.24199405,-15.127934215616792,0.32494122545469667,P5,"{""type"":""MultiPoint"",""coordinates"":[]}"
25_0000000000000000000a_0,2022-06-01,0.13711254,-0.18821126,-13.759082088445965,0.3725210061191181,P6,"{""type"":""MultiPoint"",""coordinates"":[]}"
25_0000000000000000000c_0,2022-06-01,0.21270262,-0.23977004,-13.676346916730154,0.3004553211377692,P7,"{""type"":""MultiPoint"",""coordinates"":[]}"
25_0000000000000000000e_0,2022-06-01,0.2249089,-0.2505918,-15.570377605750139,0.3064761002101143,P8,"{""type"":""MultiPoint"",""coordinates"":[]}"
25_00000000000000000010_0,2022-06-01,0.1825495,-0.23409751,-14.53163533726567,0.33732912711475127,P9,"{""type"":""MultiPoint"",""coordinates"":[]}"
26_00000000000000000000_0,2022-07-01,0.24949853,-0.29692504,-13.377724147979533,0.3357970815835063,P1,"{""type"":""MultiPoint"",""coordinates"":[]}"
26_00000000000000000002_0,2022-07-01,0.16708083,-0.23955907,-15.34686263558061,0.3734224216621171,P2,"{""type"":""MultiPoint"",""coordinates"":[]}"
26_00000000000000000004_0,2022-07-01,0.2163639,-0.27157634,-14.483277028977783,0.3409610828232454,P3,"{""type"":""MultiPoint"",""coordinates"":[]}"
26_00000000000000000006_0,2022-07-01,0.21416749,-0.26417372,-13.85930013327858,0.30942433647016193,P4,"{""type"":""MultiPoint"",""coordinates"":[]}"
26_00000000000000000008_0,2022-07-01,0.18074593,-0.2361088,-14.530434158507564,0.33431915888862845,P5,"{""type"":""MultiPoint"",""coordinates"":[]}"
26_0000000000000000000a_0,2022-07-01,0.13782007,-0.1929001,-14.15008162757874,0.3770375843334455,P6,"{""type"":""MultiPoint"",""coordinates"":[]}"
26_0000000000000000000c_0,2022-07-01,0.20040013,-0.23796424,-15.092915900345227,0.3068508921284082,P7,"{""type"":""MultiPoint"",""coordinates"":[]}"
26_0000000000000000000e_0,2022-07-01,0.20809343,-0.24791844,-15.424124409402717,0.3153684194715761,P8,"{""type"":""MultiPoint"",""coordinates"":[]}"
26_00000000000000000010_0,2022-07-01,0.18215613,-0.23116632,-15.769903132872907,0.3438109945885966,P9,"{""type"":""MultiPoint"",""coordinates"":[]}"
27_00000000000000000000_0,2022-08-01,0.21170822,-0.2730231,-13.894169279629057,0.3467726200264375,P1,"{""type"":""MultiPoint"",""coordinates"":[]}"
27_00000000000000000002_0,2022-08-01,0.15422589,-0.23042578,-15.776338680905402,0.37385408918453733,P2,"{""type"":""MultiPoint"",""coordinates"":[]}"
27_00000000000000000004_0,2022-08-01,0.1835376,-0.25252202,-14.290795270929111,0.34814889056264414,P3,"{""type"":""MultiPoint"",""coordinates"":[]}"
27_00000000000000000006_0,2022-08-01,0.19691516,-0.24915043,-14.090740000252158,0.3086904760435605,P4,"{""type"":""MultiPoint"",""coordinates"":[]}"
27_00000000000000000008_0,2022-08-01,0.16707577,-0.2201882,-15.333335681693127,0.33138610411421904,P5,"{""type"":""MultiPoint"",""coordinates"":[]}"
27_0000000000000000000a_0,2022-08-01,0.13330361,-0.1923077,-16.768612885138296,0.36161861124671113,P6,"{""type"":""MultiPoint"",""coordinates"":[]}"
27_0000000000000000000c_0,2022-08-01,0.18049115,-0.2275,-16.244305252096737,0.30404863097866436,P7,"{""type"":""MultiPoint"",""coordinates"":[]}"
27_0000000000000000000e_0,2022-08-01,0.19211823,-0.24102564,-14.884235092412272,0.31114045060068934,P8,"{""type"":""MultiPoint"",""coordinates"":[]}"
27_00000000000000000010_0,2022-08-01,0.16923566,-0.2247004,-17.653622611101934,0.34046707623498634,P9,"{""type"":""MultiPoint"",""coordinates"":[]}"
29_00000000000000000000_0,2023-06-01,0.31260377,-0.31857467,-10.6316750745,0.28819017158813726,P1,"{""type"":""MultiPoint"",""coordinates"":[]}"
29_00000000000000000002_0,2023-06-01,0.22055024,-0.25704446,-12.084475515126913,0.3096669178326933,P2,"{""type"":""MultiPoint"",""coordinates"":[]}"
29_00000000000000000004_0,2023-06-01,0.25143823,-0.2822469,-11.555537564586622,0.2809738066083741,P3,"{""type"":""MultiPoint"",""coordinates"":[]}"
29_00000000000000000006_0,2023-06-01,0.214347,-0.25238937,-14.737439509681366,0.28735983539805976,P4,"{""type"":""MultiPoint"",""coordinates"":[]}"
29_00000000000000000008_0,2023-06-01,0.18280265,-0.21601862,-13.904129471586264,0.31856955284521465,P5,"{""type"":""MultiPoint"",""coordinates"":[]}"
29_0000000000000000000a_0,2023-06-01,0.14285715,-0.17277487,-14.2816121599323,0.3666484419713249,P6,"{""type"":""MultiPoint"",""coordinates"":[]}"
29_0000000000000000000c_0,2023-06-01,0.2022743,-0.22099738,-12.46736448861874,0.2900467203744942,P7,"{""type"":""MultiPoint"",""coordinates"":[]}"
29_0000000000000000000e_0,2023-06-01,0.2130809,-0.23367758,-11.731218711627644,0.29088879318392447,P8,"{""type"":""MultiPoint"",""coordinates"":[]}"
29_00000000000000000010_0,2023-06-01,0.18373829,-0.21598695,-11.349333930968399,0.3249437643654668,P9,"{""type"":""MultiPoint"",""coordinates"":[]}"
30_00000000000000000000_0,2023-07-01,0.2831922,-0.308548,-13.502279675259675,0.3179874447206996,P1,"{""type"":""MultiPoint"",""coordinates"":[]}"
30_00000000000000000002_0,2023-07-01,0.20196216,-0.25069273,-13.646936074975784,0.34719156095734816,P2,"{""type"":""MultiPoint"",""coordinates"":[]}"
30_00000000000000000004_0,2023-07-01,0.22269417,-0.26154327,-13.940918169747532,0.3144525242385566,P3,"{""type"":""MultiPoint"",""coordinates"":[]}"
30_00000000000000000006_0,2023-07-01,0.20013265,-0.24278846,-12.363724248481718,0.3029266247790049,P4,"{""type"":""MultiPoint"",""coordinates"":[]}"
30_00000000000000000008_0,2023-07-01,0.17285328,-0.217866,-13.56623262228262,0.32522918073260276,P5,"{""type"":""MultiPoint"",""coordinates"":[]}"
30_0000000000000000000a_0,2023-07-01,0.13432837,-0.18224487,-15.109187585711755,0.38658207408000694,P6,"{""type"":""MultiPoint"",""coordinates"":[]}"
30_0000000000000000000c_0,2023-07-01,0.19215426,-0.23209071,-12.65978168753418,0.3036749907384538,P7,"{""type"":""MultiPoint"",""coordinates"":[]}"
30_0000000000000000000e_0,2023-07-01,0.19210054,-0.22880216,-15.49785652052316,0.3143869033531772,P8,"{""type"":""MultiPoint"",""coordinates"":[]}"
30_00000000000000000010_0,2023-07-01,0.17939778,-0.21660945,-12.465817658789442,0.33167244383578204,P9,"{""type"":""MultiPoint"",""coordinates"":[]}"
31_00000000000000000000_0,2023-08-01,0.24232864,-0.30051035,-14.894929302932931,0.34610443510593736,P1,"{""type"":""MultiPoint"",""coordinates"":[]}"
31_00000000000000000002_0,2023-08-01,0.18403675,-0.2500758,-13.801473986635637,0.3609394409038724,P2,"{""type"":""MultiPoint"",""coordinates"":[]}"
31_00000000000000000004_0,2023-08-01,0.20613615,-0.27070707,-14.813232761292985,0.3177650075134139,P3,"{""type"":""MultiPoint"",""coordinates"":[]}"
31_00000000000000000006_0,2023-08-01,0.19815995,-0.24760501,-13.403902184213193,0.29482835684513115,P4,"{""type"":""MultiPoint"",""coordinates"":[]}"
31_00000000000000000008_0,2023-08-01,0.18784153,-0.23816305,-15.357666277351738,0.3131212864051245,P5,"{""type"":""MultiPoint"",""coordinates"":[]}"
31_0000000000000000000a_0,2023-08-01,0.14524673,-0.21179941,-13.438931964450783,0.37169067784920296,P6,"{""type"":""MultiPoint"",""coordinates"":[]}"
31_0000000000000000000c_0,2023-08-01,0.19800569,-0.23858616,-13.408833235629778,0.2911447749831688,P7,"{""type"":""MultiPoint"",""coordinates"":[]}"
31_0000000000000000000e_0,2023-08-01,0.20353357,-0.24261218,-13.892211934248714,0.2972108006112833,P8,"{""type"":""MultiPoint"",""coordinates"":[]}"
31_00000000000000000010_0,2023-08-01,0.18825911,-0.23709168,-13.922681078871426,0.3193592647787128,P9,"{""type"":""MultiPoint"",""coordinates"":[]}"
32_00000000000000000000_0,2024-05-01,0.35118327,-0.3705975,-12.506926218026369,0.23207981385721593,P1,"{""type"":""MultiPoint"",""coordinates"":[]}"
32_00000000000000000002_0,2024-05-01,0.2549873,-0.31596464,-10.478033572108526,0.24590599830016346,P2,"{""type"":""MultiPoint"",""coordinates"":[]}"
32_00000000000000000004_0,2024-05-01,0.2908397,-0.34406358,-12.905596063919875,0.23039761283485558,P3,"{""type"":""MultiPoint"",""coordinates"":[]}"
32_00000000000000000006_0,2024-05-01,0.2854056,-0.3307575,-14.398931726845955,0.23013079976396034,P4,"{""type"":""MultiPoint"",""coordinates"":[]}"
32_00000000000000000008_0,2024-05-01,0.25723377,-0.31148222,-12.015683545996138,0.23602441610985928,P5,"{""type"":""MultiPoint"",""coordinates"":[]}"
32_0000000000000000000a_0,2024-05-01,0.18028209,-0.2288456,-10.91949226260283,0.26818309976581295,P6,"{""type"":""MultiPoint"",""coordinates"":[]}"
32_0000000000000000000c_0,2024-05-01,0.25376806,-0.29096285,-11.538702420059536,0.22579280325112225,P7,"{""type"":""MultiPoint"",""coordinates"":[]}"
32_0000000000000000000e_0,2024-05-01,0.2699312,-0.3194576,-12.97811408807421,0.22668687655001116,P8,"{""type"":""MultiPoint"",""coordinates"":[]}"
32_00000000000000000010_0,2024-05-01,0.2552183,-0.30673945,-10.055447437046734,0.23424078957346436,P9,"{""type"":""MultiPoint"",""coordinates"":[]}"
33_00000000000000000000_0,2024-06-01,0.26303387,-0.2962515,-11.832865469250688,0.31753834414130205,P1,"{""type"":""MultiPoint"",""coordinates"":[]}"
33_00000000000000000002_0,2024-06-01,0.19619264,-0.2533492,-12.951489937469216,0.34648032411668056,P2,"{""type"":""MultiPoint"",""coordinates"":[]}"
33_00000000000000000004_0,2024-06-01,0.22063898,-0.26641768,-13.711655224043058,0.3220437237394947,P3,"{""type"":""MultiPoint"",""coordinates"":[]}"
33_00000000000000000006_0,2024-06-01,0.20966709,-0.26029682,-13.673455554372813,0.3115981787494914,P4,"{""type"":""MultiPoint"",""coordinates"":[]}"
33_00000000000000000008_0,2024-06-01,0.19105045,-0.23800099,-14.460887891511378,0.3250085537335902,P5,"{""type"":""MultiPoint"",""coordinates"":[]}"
33_0000000000000000000a_0,2024-06-01,0.11709602,-0.14884393,-15.569652015531709,0.4099822557135857,P6,"{""type"":""MultiPoint"",""coordinates"":[]}"
33_0000000000000000000c_0,2024-06-01,0.18075381,-0.22843318,-13.069775779768335,0.3159479229240161,P7,"{""type"":""MultiPoint"",""coordinates"":[]}"
33_0000000000000000000e_0,2024-06-01,0.19935432,-0.24226718,-12.545460279805557,0.31639405809844157,P8,"{""type"":""MultiPoint"",""coordinates"":[]}"
33_00000000000000000010_0,2024-06-01,0.18876012,-0.23381117,-15.435262186717678,0.329603701435527,P9,"{""type"":""MultiPoint"",""coordinates"":[]}"
34_00000000000000000000_0,2024-07-01,0.22867298,-0.28440934,-13.33967295129753,0.3427337742330044,P1,"{""type"":""MultiPoint"",""coordinates"":[]}"
34_00000000000000000002_0,2024-07-01,0.16743515,-0.23168136,-14.475674966447329,0.37190170072211287,P2,"{""type"":""MultiPoint"",""coordinates"":[]}"
34_00000000000000000004_0,2024-07-01,0.18925594,-0.24217995,-15.267425494024927,0.3358764058400054,P3,"{""type"":""MultiPoint"",""coordinates"":[]}"
34_00000000000000000006_0,2024-07-01,0.1889093,-0.23619312,-12.540845984083518,0.3160312959186163,P4,"{""type"":""MultiPoint"",""coordinates"":[]}"
34_00000000000000000008_0,2024-07-01,0.17756703,-0.22691652,-15.633633896602785,0.3279350545458658,P5,"{""type"":""MultiPoint"",""coordinates"":[]}"
34_0000000000000000000a_0,2024-07-01,0.13554452,-0.19713657,-15.576774350611323,0.3874810963130976,P6,"{""type"":""MultiPoint"",""coordinates"":[]}"
34_0000000000000000000c_0,2024-07-01,0.17218995,-0.20767336,-11.896637329064188,0.3092504001614226,P7,"{""type"":""MultiPoint"",""coordinates"":[]}"
34_0000000000000000000e_0,2024-07-01,0.18238781,-0.2178615,-16.1918589088063,0.3159221897872956,P8,"{""type"":""MultiPoint"",""coordinates"":[]}"
34_00000000000000000010_0,2024-07-01,0.17836066,-0.22976904,-14.490510247562032,0.33302106539977316,P9,"{""type"":""MultiPoint"",""coordinates"":[]}"
35_00000000000000000000_0,2024-08-01,0.18591723,-0.25490198,-14.33925327469699,0.3467770465298994,P1,"{""type"":""MultiPoint"",""coordinates"":[]}"
35_00000000000000000002_0,2024-08-01,0.14859197,-0.2347826,-17.269159112345633,0.3652833147024375,P2,"{""type"":""MultiPoint"",""coordinates"":[]}"
35_00000000000000000004_0,2024-08-01,0.18715891,-0.25313452,-14.179870296901804,0.327382895093803,P3,"{""type"":""MultiPoint"",""coordinates"":[]}"
35_00000000000000000006_0,2024-08-01,0.1889045,-0.24393828,-13.554160752118532,0.30495999737670515,P4,"{""type"":""MultiPoint"",""coordinates"":[]}"
35_00000000000000000008_0,2024-08-01,0.17969821,-0.22857143,-15.861846937814116,0.31616717097130753,P5,"{""type"":""MultiPoint"",""coordinates"":[]}"
35_0000000000000000000a_0,2024-08-01,0.13857262,-0.19290079,-15.682635277476654,0.36864430010512844,P6,"{""type"":""MultiPoint"",""coordinates"":[]}"
35_0000000000000000000c_0,2024-08-01,0.17580871,-0.22850844,-13.81346308734614,0.3018076208448024,P7,"{""type"":""MultiPoint"",""coordinates"":[]}"
35_0000000000000000000e_0,2024-08-01,0.17742504,-0.22946593,-15.09228711076938,0.3064848446497804,P8,"{""type"":""MultiPoint"",""coordinates"":[]}"
35_00000000000000000010_0,2024-08-01,0.17199184,-0.22879544,-15.511481142540664,0.32194999611740954,P9,"{""type"":""MultiPoint"",""coordinates"":[]}"
36_00000000000000000000_0,2025-05-01,0.3356007,-0.34509334,-12.213009964805298,0.23846673772247567,P1,"{""type"":""MultiPoint"",""coordinates"":[]}"
36_00000000000000000002_0,2025-05-01,0.2524762,-0.2918273,-10.20557843039434,0.24310491562286435,P2,"{""type"":""MultiPoint"",""coordinates"":[]}"
36_00000000000000000004_0,2025-05-01,0.2974537,-0.31418523,-11.222586617963886,0.2314601909616425,P3,"{""type"":""MultiPoint"",""coordinates"":[]}"
36_00000000000000000006_0,2025-05-01,0.2971768,-0.3142642,-13.36867650716228,0.24346736947689726,P4,"{""type"":""MultiPoint"",""coordinates"":[]}"
36_00000000000000000008_0,2025-05-01,0.2445867,-0.2743397,-12.500200822942293,0.2611013404791327,P5,"{""type"":""MultiPoint"",""coordinates"":[]}"
36_0000000000000000000a_0,2025-05-01,0.20065467,-0.23856154,-15.170138377933494,0.2934780059902275,P6,"{""type"":""MultiPoint"",""coordinates"":[]}"
36_0000000000000000000c_0,2025-05-01,0.25745362,-0.2719057,-11.207538151022906,0.24379928732463513,P7,"{""type"":""MultiPoint"",""coordinates"":[]}"
36_0000000000000000000e_0,2025-05-01,0.26111528,-0.2820071,-12.127023845818542,0.25231699308607813,P8,"{""type"":""MultiPoint"",""coordinates"":[]}"
36_00000000000000000010_0,2025-05-01,0.22187784,-0.25119016,-11.561302260325977,0.2750653922251943,P9,"{""type"":""MultiPoint"",""coordinates"":[]}"
37_00000000000000000000_0,2025-06-01,0.2771388,-0.2979984,-12.582208895537743,0.2949575393171024,P1,"{""type"":""MultiPoint"",""coordinates"":[]}"
37_00000000000000000002_0,2025-06-01,0.2183313,-0.2605545,-12.047552320582508,0.3237446679097588,P2,"{""type"":""MultiPoint"",""coordinates"":[]}"
37_00000000000000000004_0,2025-06-01,0.26535192,-0.28429618,-10.561846310803462,0.298337644289151,P3,"{""type"":""MultiPoint"",""coordinates"":[]}"
37_00000000000000000006_0,2025-06-01,0.23913743,-0.26916105,-12.769747932055264,0.3100707661163819,P4,"{""type"":""MultiPoint"",""coordinates"":[]}"
37_00000000000000000008_0,2025-06-01,0.19504744,-0.22985272,-13.850400999564457,0.3307848923394175,P5,"{""type"":""MultiPoint"",""coordinates"":[]}"
37_0000000000000000000a_0,2025-06-01,0.17353518,-0.20790651,-14.26193533690858,0.36974788707983175,P6,"{""type"":""MultiPoint"",""coordinates"":[]}"
37_0000000000000000000c_0,2025-06-01,0.21606694,-0.2369765,-15.955876738266145,0.30204736383554154,P7,"{""type"":""MultiPoint"",""coordinates"":[]}"
37_0000000000000000000e_0,2025-06-01,0.21823569,-0.24424273,-13.532153709277473,0.31335981714316846,P8,"{""type"":""MultiPoint"",""coordinates"":[]}"
37_00000000000000000010_0,2025-06-01,0.20771225,-0.23206611,-14.940242078241646,0.329870770150979,P9,"{""type"":""MultiPoint"",""coordinates"":[]}"
38_00000000000000000000_0,2025-07-01,0.25848094,-0.30024815,-14.400494298650433,0.3311615919758812,P1,"{""type"":""MultiPoint"",""coordinates"":[]}"
38_00000000000000000002_0,2025-07-01,0.1779954,-0.23267028,-14.63728115327361,0.3663654186737607,P2,"{""type"":""MultiPoint"",""coordinates"":[]}"
38_00000000000000000004_0,2025-07-01,0.22689591,-0.2637571,-14.267020835206441,0.3324758637856288,P3,"{""type"":""MultiPoint"",""coordinates"":[]}"
38_00000000000000000006_0,2025-07-01,0.20139109,-0.25827813,-15.214281452236149,0.32915063420871604,P4,"{""type"":""MultiPoint"",""coordinates"":[]}"
38_00000000000000000008_0,2025-07-01,0.18807484,-0.2375289,-16.060193033859385,0.34027753378676057,P5,"{""type"":""MultiPoint"",""coordinates"":[]}"
38_0000000000000000000a_0,2025-07-01,0.13930213,-0.19016671,-15.5550776581132,0.3941789695049699,P6,"{""type"":""MultiPoint"",""coordinates"":[]}"
38_0000000000000000000c_0,2025-07-01,0.19079386,-0.22722585,-17.251510541485693,0.314727787143112,P7,"{""type"":""MultiPoint"",""coordinates"":[]}"
38_0000000000000000000e_0,2025-07-01,0.19738562,-0.23533379,-13.928768805184216,0.32440653507597533,P8,"{""type"":""MultiPoint"",""coordinates"":[]}"
38_00000000000000000010_0,2025-07-01,0.18363464,-0.23453523,-15.224339047243681,0.34533088480470436,P9,"{""type"":""MultiPoint"",""coordinates"":[]}"
39_00000000000000000000_0,2025-08-01,0.22296476,-0.29059145,-15.384149257791599,0.34029496029180334,P1,"{""type"":""MultiPoint"",""coordinates"":[]}"
39_00000000000000000002_0,2025-08-01,0.17008841,-0.24628891,-16.550835986295063,0.361558418516289,P2,"{""type"":""MultiPoint"",""coordinates"":[]}"
39_00000000000000000004_0,2025-08-01,0.20781925,-0.2720216,-14.602546848072695,0.32844798674980485,P3,"{""type"":""MultiPoint"",""coordinates"":[]}"
39_00000000000000000006_0,2025-08-01,0.20481928,-0.26649076,-14.18049726030203,0.3174181469292517,P4,"{""type"":""MultiPoint"",""coordinates"":[]}"
39_00000000000000000008_0,2025-08-01,0.18712956,-0.2446733,-16.102209373325856,0.32392591745644556,P5,"{""type"":""MultiPoint"",""coordinates"":[]}"
39_0000000000000000000a_0,2025-08-01,0.15225436,-0.20579378,-16.33656594818047,0.38735181682806136,P6,"{""type"":""MultiPoint"",""coordinates"":[]}"
39_0000000000000000000c_0,2025-08-01,0.19512627,-0.24024189,-15.278091744587359,0.3002050216102322,P7,"{""type"":""MultiPoint"",""coordinates"":[]}"
39_0000000000000000000e_0,2025-08-01,0.2048569,-0.24973013,-15.495833751320355,0.3087834192439743,P8,"{""type"":""MultiPoint"",""coordinates"":[]}"
39_00000000000000000010_0,2025-08-01,0.1893531,-0.2423016,-15.510255730465431,0.3274314584764268,P9,"{""type"":""MultiPoint"",""coordinates"":[]}"
